contract_type,borrower,intelligent_summary
HEALTH FINANCING AGREEMENT,Julia Miller,"This HEALTH FINANCING AGREEMENT involves borrower Julia Miller and lender FINANCIAL BANK OF AMERICA Inc..

The financed amount is $42,751.00. under the jurisdiction of New York, NY.

The contract contains 8 major legal clauses and includes contractual obligations related to payment and compliance requirements."
MOTORCYCLE FINANCING AGREEMENT,Patricia Hall,"This MOTORCYCLE FINANCING AGREEMENT involves borrower Patricia Hall and lender FINANCIAL BANK OF AMERICA Inc..

The financed amount is $36,160.00. under the jurisdiction of New York, NY.

The contract contains 8 major legal clauses and includes contractual obligations related to payment and compliance requirements."
HEALTH FINANCING AGREEMENT,Patricia Hall,"This HEALTH FINANCING AGREEMENT involves borrower Patricia Hall and lender FINANCIAL BANK OF AMERICA Inc..

The financed amount is $40,267.00. under the jurisdiction of New York, NY.

The contract contains 8 major legal clauses and includes contractual obligations related to payment and compliance requirements."
STUDENT LOAN AGREEMENT,Richard Taylor,"This STUDENT LOAN AGREEMENT involves borrower Richard Taylor and lender FINANCIAL BANK OF AMERICA Inc..

The financed amount is $56,424.00. under the jurisdiction of New York, NY.

The contract contains 8 major legal clauses and includes contractual obligations related to payment and compliance requirements."
HEALTH FINANCING AGREEMENT,Mary Johnson,"This HEALTH FINANCING AGREEMENT involves borrower Mary Johnson and lender FINANCIAL BANK OF AMERICA Inc..

The financed amount is $48,720.00. under the jurisdiction of New York, NY.

The contract contains 8 major legal clauses and includes contractual obligations related to payment and compliance requirements."
MOTORCYCLE FINANCING AGREEMENT,Patricia Hall,"This MOTORCYCLE FINANCING AGREEMENT involves borrower Patricia Hall and lender FINANCIAL BANK OF AMERICA Inc..

The financed amount is $33,310.00. under the jurisdiction of New York, NY.

The contract contains 8 major legal clauses and includes contractual obligations related to payment and compliance requirements."
HEALTH FINANCING AGREEMENT,Peter Wilson,"This HEALTH FINANCING AGREEMENT involves borrower Peter Wilson and lender FINANCIAL BANK OF AMERICA Inc..

The financed amount is $42,398.00. under the jurisdiction of New York, NY.

The contract contains 8 major legal clauses and includes contractual obligations related to payment and compliance requirements."
REAL ESTATE FINANCING AGREEMENT,Patricia Hall,"This REAL ESTATE FINANCING AGREEMENT involves borrower Patricia Hall and lender FINANCIAL BANK OF AMERICA Inc..

The financed amount is $1,202,267.00. under the jurisdiction of New York, NY.

The contract contains 8 major legal clauses and includes contractual obligations related to payment and compliance requirements."
REAL ESTATE FINANCING AGREEMENT,Carlos Brown,"This REAL ESTATE FINANCING AGREEMENT involves borrower Carlos Brown and lender FINANCIAL BANK OF AMERICA Inc..

The financed amount is $1,203,432.00. under the jurisdiction of New York, NY.

The contract contains 8 major legal clauses and includes contractual obligations related to payment and compliance requirements."
HEALTH FINANCING AGREEMENT,Julia Miller,"This HEALTH FINANCING AGREEMENT involves borrower Julia Miller and lender FINANCIAL BANK OF AMERICA Inc..

The financed amount is $47,142.00. under the jurisdiction of New York, NY.

The contract contains 8 major legal clauses and includes contractual obligations related to payment and compliance requirements."
MOTORCYCLE FINANCING AGREEMENT,Julia Miller,"This MOTORCYCLE FINANCING AGREEMENT involves borrower Julia Miller and lender FINANCIAL BANK OF AMERICA Inc..

The financed amount is $38,384.00. under the jurisdiction of New York, NY.

The contract contains 8 major legal clauses and includes contractual obligations related to payment and compliance requirements."
CAR FINANCING AGREEMENT,Emily Clark,"This CAR FINANCING AGREEMENT involves borrower Emily Clark and lender FINANCIAL BANK OF AMERICA Inc..

The financed amount is $75,546.00. under the jurisdiction of New York, NY.

The contract contains 8 major legal clauses and includes contractual obligations related to payment and compliance requirements."
REAL ESTATE FINANCING AGREEMENT,Emily Clark,"This REAL ESTATE FINANCING AGREEMENT involves borrower Emily Clark and lender FINANCIAL BANK OF AMERICA Inc..

The financed amount is $1,201,349.00. under the jurisdiction of New York, NY.

The contract contains 8 major legal clauses and includes contractual obligations related to payment and compliance requirements."
HEALTH FINANCING AGREEMENT,Julia Miller,"This HEALTH FINANCING AGREEMENT involves borrower Julia Miller and lender FINANCIAL BANK OF AMERICA Inc..

The financed amount is $45,892.00. under the jurisdiction of New York, NY.

The contract contains 8 major legal clauses and includes contractual obligations related to payment and compliance requirements."
CAR FINANCING AGREEMENT,Peter Wilson,"This CAR FINANCING AGREEMENT involves borrower Peter Wilson and lender FINANCIAL BANK OF AMERICA Inc..

The financed amount is $76,877.00. under the jurisdiction of New York, NY.

The contract contains 8 major legal clauses and includes contractual obligations related to payment and compliance requirements."
CAR FINANCING AGREEMENT,Carlos Brown,"This CAR FINANCING AGREEMENT involves borrower Carlos Brown and lender FINANCIAL BANK OF AMERICA Inc..

The financed amount is $82,437.00. under the jurisdiction of New York, NY.

The contract contains 8 major legal clauses and includes contractual obligations related to payment and compliance requirements."
CAR FINANCING AGREEMENT,Richard Taylor,"This CAR FINANCING AGREEMENT involves borrower Richard Taylor and lender FINANCIAL BANK OF AMERICA Inc..

The financed amount is $83,400.00. under the jurisdiction of New York, NY.

The contract contains 8 major legal clauses and includes contractual obligations related to payment and compliance requirements."
CAR FINANCING AGREEMENT,Julia Miller,"This CAR FINANCING AGREEMENT involves borrower Julia Miller and lender FINANCIAL BANK OF AMERICA Inc..

The financed amount is $76,694.00. under the jurisdiction of New York, NY.

The contract contains 8 major legal clauses and includes contractual obligations related to payment and compliance requirements."
HEALTH FINANCING AGREEMENT,John Smith,"This HEALTH FINANCING AGREEMENT involves borrower John Smith and lender FINANCIAL BANK OF AMERICA Inc..

The financed amount is $46,149.00. under the jurisdiction of New York, NY.

The contract contains 8 major legal clauses and includes contractual obligations related to payment and compliance requirements."
HEALTH FINANCING AGREEMENT,John Smith,"This HEALTH FINANCING AGREEMENT involves borrower John Smith and lender FINANCIAL BANK OF AMERICA Inc..

The financed amount is $40,287.00. under the jurisdiction of New York, NY.

The contract contains 8 major legal clauses and includes contractual obligations related to payment and compliance requirements."
HEALTH FINANCING AGREEMENT,Carlos Brown,"This HEALTH FINANCING AGREEMENT involves borrower Carlos Brown and lender FINANCIAL BANK OF AMERICA Inc..

The financed amount is $44,257.00. under the jurisdiction of New York, NY.

The contract contains 8 major legal clauses and includes contractual obligations related to payment and compliance requirements."
CAR FINANCING AGREEMENT,John Smith,"This CAR FINANCING AGREEMENT involves borrower John Smith and lender FINANCIAL BANK OF AMERICA Inc..

The financed amount is $84,522.00. under the jurisdiction of New York, NY.

The contract contains 8 major legal clauses and includes contractual obligations related to payment and compliance requirements."
REAL ESTATE FINANCING AGREEMENT,Anna Davis,"This REAL ESTATE FINANCING AGREEMENT involves borrower Anna Davis and lender FINANCIAL BANK OF AMERICA Inc..

The financed amount is $1,195,379.00. under the jurisdiction of New York, NY.

The contract contains 8 major legal clauses and includes contractual obligations related to payment and compliance requirements."
CAR FINANCING AGREEMENT,Carlos Brown,"This CAR FINANCING AGREEMENT involves borrower Carlos Brown and lender FINANCIAL BANK OF AMERICA Inc..

The financed amount is $83,829.00. under the jurisdiction of New York, NY.

The contract contains 8 major legal clauses and includes contractual obligations related to payment and compliance requirements."
REAL ESTATE FINANCING AGREEMENT,Emily Clark,"This REAL ESTATE FINANCING AGREEMENT involves borrower Emily Clark and lender FINANCIAL BANK OF AMERICA Inc..

The financed amount is $1,200,028.00. under the jurisdiction of New York, NY.

The contract contains 8 major legal clauses and includes contractual obligations related to payment and compliance requirements."
CAR FINANCING AGREEMENT,Julia Miller,"This CAR FINANCING AGREEMENT involves borrower Julia Miller and lender FINANCIAL BANK OF AMERICA Inc..

The financed amount is $80,986.00. under the jurisdiction of New York, NY.

The contract contains 8 major legal clauses and includes contractual obligations related to payment and compliance requirements."
MOTORCYCLE FINANCING AGREEMENT,Emily Clark,"This MOTORCYCLE FINANCING AGREEMENT involves borrower Emily Clark and lender FINANCIAL BANK OF AMERICA Inc..

The financed amount is $36,427.00. under the jurisdiction of New York, NY.

The contract contains 8 major legal clauses and includes contractual obligations related to payment and compliance requirements."
CAR FINANCING AGREEMENT,Julia Miller,"This CAR FINANCING AGREEMENT involves borrower Julia Miller and lender FINANCIAL BANK OF AMERICA Inc..

The financed amount is $79,441.00. under the jurisdiction of New York, NY.

The contract contains 8 major legal clauses and includes contractual obligations related to payment and compliance requirements."
CAR FINANCING AGREEMENT,Carlos Brown,"This CAR FINANCING AGREEMENT involves borrower Carlos Brown and lender FINANCIAL BANK OF AMERICA Inc..

The financed amount is $81,937.00. under the jurisdiction of New York, NY.

The contract contains 8 major legal clauses and includes contractual obligations related to payment and compliance requirements."
STUDENT LOAN AGREEMENT,Michael Lewis,"This STUDENT LOAN AGREEMENT involves borrower Michael Lewis and lender FINANCIAL BANK OF AMERICA Inc..

The financed amount is $60,064.00. under the jurisdiction of New York, NY.

The contract contains 8 major legal clauses and includes contractual obligations related to payment and compliance requirements."
